<ns:getPrevMeterReadingResponse xmlns:ns="http://power.starhomeWS">
<ns:return>
<sh:PreviousMeterReading xmlns:sh="http://starhome.sg/powerusage/feeds">
	<sh:Reading sh:Id="L_ZONE" sh:Value="0" /> 
	<sh:Reading sh:Id="E_ZONE" sh:Value="0" /> 
	<sh:Reading sh:Id="K_ZONE" sh:Value="0" /> 
	<sh:Reading sh:Id="B_ZONE" sh:Value="0" /> 
	<sh:Reading sh:Id="C_ZONE" sh:Value="0" /> 
	<sh:Reading sh:Id="M_ZONE" sh:Value="0" /> 
	<sh:Reading sh:Id="T_ZONE" sh:Value="0" /> 
	<sh:Reading sh:Id="X1_ZONE" sh:Value="0" /> 
	<sh:Reading sh:Id="X2_ZONE" sh:Value="0" /> 
	<sh:Reading sh:Id="TOTAL" sh:Value="0" /> 
</sh:PreviousMeterReading>
</ns:return>
</ns:getPrevMeterReadingResponse>

