<ns:getRealtimeMeterReadingResponse xmlns:ns="http://water.starhomeWS">
<ns:return>
<sh:RealtimeMeterReading xmlns:sh="http://starhome.sg/waterusage/feeds">
	<sh:Reading sh:Id="MainValve" sh:Value="15470" /> 
	<sh:Reading sh:Id="DishWasher" sh:Value="175" /> 
	<sh:Reading sh:Id="Kitchen-Fridge" sh:Value="3677" /> 
	<sh:Reading sh:Id="WashingMachine" sh:Value="87" /> 
	<sh:Reading sh:Id="FishTank" sh:Value="6264" /> 
	<sh:Reading sh:Id="ToiletFlush" sh:Value="2712" /> 
	<sh:Reading sh:Id="BasinHandwash" sh:Value="282" /> 
	<sh:Reading sh:Id="ShowerArea" sh:Value="314" /> 
</sh:RealtimeMeterReading>
</ns:return>
</ns:getRealtimeMeterReadingResponse>

