<?xml version="1.0" encoding="UTF-8" ?>
<?bml bml-version="100.0" ?>
<!doctype html>
<html xmlns="http://www.w3.org/1999/xhtml">
<head>
	<title>Thumbnail Sample</title>
	<!-- 
	Sample code to demonstrate the use of Thumbnails and associated videos. 
	
	Masahito Kawamori, 11 September 2013
	
	-->
	<style>
		<![CDATA[
		.button {width:140px;height:540px;}
	.text {top:62px;width:140px;height:320px;}
	p.button {text-align:center;color-index:7;line-height:30px;}
	#display	{   font-size:16px;
    color-index:7;
    grayscale-color-index:171 167;
        background-color-index:16;text-align:left;font-size:24px;
		top:400px;width:700px;height:150px;}
		div:focus {background-color-index:1;}
		
		]]>
	</style>
	<script ><![CDATA[

/* list of videos to be displayed */

		var urlList = new Array();
		urlList[0] = "http://180.37.183.147/lime/resolveconf/hawaii-01.cpc";
		urlList[1] = "http://180.37.183.147/lime/resolveconf/hawaii-03.cpc";
		urlList[2] = "http://180.37.183.147/lime/resolveconf/hawaii-05.cpc";
		urlList[3] = "http://kawamori.github.com/LIME-Book/lime/resolveconf/notredame.cpc";
	
		


function focus(){ /* main function to get the id of the focused element <div>, to which the url of the video is associated */

    var target = document.currentEvent.target;  /* target element of the focus */
	var url = urlList[target.id]; /* the url of the video pointed by the focused element */
	
	var video = document.getElementById("video");
	
	video.data=url;
	video.streamStatus="play"; /*start the video */
	
}

function blur(){ /* action to be taken when unfocused */
		var video = document.getElementById("video");
		video.streamStatus="stop"; 
	}

function show(){ }

function goback(){ browser.launchDocument("../../../index.xml", "cut");	}

		]]></script>

</head>
<body>



<div style="left:0px; top:0px; width:960px; height:540px">

<!-- main video window -->
<div style="left:200px; top:0px; width:600px; height:500px">			
	<object id="video"  type="application/X-arib-contentPlayControl" data="" streamstatus="" style="top:2px;left:25px;width:600px;height:402px;"/>
	</div>	

<!-- thumbnails -->
	<div  id="0" style="left:30px;top:410px;width:194px;height:110px;nav-index:0;nav-right:1;nav-left:3;" onfocus="focus();" onblur="blur();" onclick="show();"> 
	<!-- on-focus will trigger the "focus()", which will play the video -->
		<object class="button" type="image/jpeg" data="images/beach-hotel1.jpeg" 			style="top:1px;left:1px;width:192px;height:108px;"	/>
	</div>

	<div id="1" style="left:250px;top:410px;width:194px;height:110px;nav-index:1;nav-right:2;nav-left:0;" onfocus="focus();" onblur="blur();" onclick="show();">
		<object  class="button" type="image/jpeg" data="images/beach-hotel2.jpeg"
	style="top:1px;left:1px;width:192px;height:108px;"
			/>
	</div>

	<div id="2" style="left:480px;top:410px;width:194px;height:110px;nav-index:2;nav-right:3;nav-left:1;" onfocus="focus();" onblur="blur();" onclick="show();">
	<object  type="image/jpeg" data="images/kualoa-park-beach.jpeg"		style="top:1px;left:1px;width:192px;height:108px"/>
		
	</div>

	<div id="3" style="left:710px;top:410px;width:194px;height:110px;nav-index:3;nav-right:0;nav-left:2;" onfocus="focus();" onblur="blur();" onclick="show();">
		<object  class="button" type="image/jpeg" data="images/notredame.jpeg"
	style="top:1px;left:1px;width:192px;height:108px;" />
	</div>
</div>

<p style="top:10px;left:17px;height:36px;width:64px;background-color-index:4;" accesskey="B" onclick="goback();">Back </p>

</body>
</html>


