<ns:getMthlyMainUsageResponse xmlns:ns="http://power.starhomeWS">
<ns:return>
<sh:MthlyMainUsage xmlns:sh="http://starhome.sg/powerusage/feeds">
	<sh:Usage sh:Id="Jan" sh:Value="0" /> 
	<sh:Usage sh:Id="Feb" sh:Value="0" /> 
	<sh:Usage sh:Id="Mar" sh:Value="0" /> 
	<sh:Usage sh:Id="Apr" sh:Value="0" /> 
	<sh:Usage sh:Id="May" sh:Value="0" /> 
	<sh:Usage sh:Id="Jun" sh:Value="0" /> 
	<sh:Usage sh:Id="Jul" sh:Value="0" /> 
	<sh:Usage sh:Id="Aug" sh:Value="0" /> 
	<sh:Usage sh:Id="Sep" sh:Value="0" /> 
	<sh:Usage sh:Id="Oct" sh:Value="0" /> 
	<sh:Usage sh:Id="Nov" sh:Value="0" /> 
	<sh:Usage sh:Id="Dec" sh:Value="15548032" /> 
</sh:MthlyMainUsage>
</ns:return>
</ns:getMthlyMainUsageResponse>

