<?xml version="1.0" encoding="EUC-JP"?>
<tt xmls="http://www.w3.org/ns/ttml" xml:lang="tgl">
<body>
<div>
<p begin="0:0:13.50" end="0:0:17.00">
Bagay ay napaka-simple
</p>
<p begin="0:0:19.50" end="0:0:21.50">
Mga bagay nagsimulang upang makakuha ng kumplikado
</p>
<p begin="0:0:30.00" end="0:0:33.20">
Bagay makakuha ng mas kumplikadong
</p>
<p begin="0:1:00.00" end="0:1:04.00">
Love labing-walo gramo
</p>
<p begin="0:1:08.00" end="0:1:12.00">
Lalaki ay hindi kayang magsulat ng isang sulat ng pag-ibig
</p>
</div>
</body>
</tt>
