<?xml version="1.0" encoding="euc-jp"?>
<tt xmls="http://www.w3.org/ns/ttml" xml:lang="zh">
<body>
<div>
<p begin="0:0:8.00" end="0:0:8.30">
Pinaghihinalaan ko 
</p>
<p begin="0:0:8.40" end="0:0:9.30">
ang aking asawa ay nagkakaroon ng isang kapakanan.
</p>
<p begin="0:0:10.00" end="0:0:11.40">
Ako masyadong maghinala
</p>
<p begin="0:0:11.50" end="0:0:12.50">
ang aking asawa ay nagkakaroon ng isang kapakanan.
</p>
<p begin="0:0:13.50" end="0:0:17.00">
Bagay ay napaka-simple
</p>
<p begin="0:0:18.00" end="0:0:18.40">
Ko ng tulong sa iyo; 
</p>
<p begin="0:0:18.50" end="0:0:19.00">
 mo ng tulong sa akin.
</p>
<p begin="0:0:19.50" end="0:0:21.50">
Mga bagay nagsimulang upang makakuha ng kumplikado
</p>
<p begin="0:0:30.00" end="0:0:33.20">
Bagay makakuha ng mas kumplikadong
</p>
<p begin="0:0:40.00" end="0:0:41.00">
Huwag kaya mahiya. Bakit hindi namin ..?
</p>
<p begin="0:0:42.00" end="0:0:43.00">
Dalhin ito off! Dalhin ito off!
</p>
<p begin="0:0:43.40" end="0:0:44.40">
Ito ay ang kasalanan ng parehong mo.
</p>
<p begin="0:0:45.00" end="0:0:46.00">
Ikaw ay malinaw na babae!
</p>
<p begin="0:0:46.30" end="0:0:47.30">
Kung hindi mo ay tumugon sa kanya,
</p>
<p begin="0:0:48.00" end="0:0:49.30">
Ito ay lahat ng kasalanan aking.
</p>
<p begin="0:0:53.00" end="0:0:56.30">
Isang sheet ng papel weighs walong gramo.
</p>
<p begin="0:0:57.00" end="0:0:58.00">
Sobre isang weighs sampung gramo.
</p>
<p begin="0:1:00.00" end="0:1:04.00">
Labing-walo gramo ng pag-ibig
</p>
<p begin="0:1:08.00" end="0:1:10.00">
Titik Love,
</p>
<p begin="0:1:11.00" end="0:1:13.00">
Titik Love, ang mga tao ay hindi dapat isulat.
</p>
</div>
</body>
</tt>
