<?xml version="1.0" encoding="EUC-JP" ?>
<?bml bml-version="100.0" ?>
<bml>
<head>
<title>Slideshow</title>
<style><![CDATA[
  body {
    resolution:960x540;
    display-aspect-ratio:16v9;
 	 }
	p {background-color-index:2;}
	#text {background-color-index:0;font-size:16px;}
	.button	{top:490px;height:24px;width:85px;text-align:center; border-style:solid;border-width:2px;}
]]></style>

<script><![CDATA[
var timer
var position;
var preLoad;

function onload(){

	GE("bgm").streamStatus="play";
	browser.setInterval("BGMrp();",18000,0);
	
    position=0;
    	preLoad = new Array(4);
    	
    	
preLoad[0] = "images/garden-staircase-kyoto-japan.jpg";
preLoad[1] = "images/japanese_garden_royal_roads_university_british_columbia.jpg";
preLoad[2] = "images/japanese_garden5.jpg";
preLoad[3] = "images/ninnaji_temple_-_kyoto_japan.jpg";



/*
for (var i=0 ; i<5; i++) {
   	 preLoad[i] = "images/pic" + i + ".JPG";
}*/

caption = new Array(4);

caption[0]="Staircase in Kyoto";
caption[1]="Imperial Garden";
caption[2]="Garden;
caption[3]="Ninnaji Temple, Kyoto";


startShow();
}

function startShow() {
        timer = setTimeout("forward()", 7000);
}

function restartShow() {
    browser.clearTimer(timer);
    startShow();
}
        
function forward() {
    if (position < 4) {
            position++;
    } else {
        position = 0;
    }

    $("img").data = preLoad[position];
    $("text").firstChild.data= caption[position];
    timer = setTimeout("forward()", 7000);
}

function onunload(){
	browser.clearTimer(timer);
}

function $(id) {
		return document.getElementById(id);
	}

function setTimeout(code,delay){
         return   browser.setInterval(code,delay,1);
        }


function GE(id){
	return document.getElementById(id);
}
function BGMrp(){
	GE("bgm").streamStatus="stop";
	GE("bgm").streamStatus="play";
}

function goback(){ browser.launchDocument("../index.xml", "cut");	}
]]></script>
</head>

<body onload="onload();">

<div>
	<object id="bgm" data="audio/evening-in-the-forest.aac" type="audio/X-arib-mpeg2-aac" streamstatus="stop"/>
</div>

<div id="imageBox" style="top:50px;left:50px;width:910px;height:440px;">
<object id="img" style="top:0px;left:0px;width:648px;height:432px" data="" type="image/jpeg"/>
<p id="text" style="top:0px;left:660px;width:280px;height:480px;color-index:7"><![CDATA[]]></p>
</div>

<p id="blue" class="button" style="left:10px; background-color-index:4;" onclick="startShow();" accesskey="B">Start</p>
<p id="red" class="button" style="left:110px;background-color-index:1;"	onclick="onunload();" accesskey="R">Stop</p>
<p id="green" class="button" style="left:210px;background-color-index:2;" onclick="restartShow();" accesskey="G">Restart</p>

<p id="yellow" class="button" style="left:810px;background-color-index:3;" onclick="goback();" accesskey="Y">Back</p>

</body>
</bml>
