<?xml version="1.0" encoding="EUC-JP" ?>
<?bml bml-version="100.0" ?>

<bml>
<head>
<title>Media Test 1:  full-display (VOD)</title>
<style><![CDATA[
  body {
    background-color-index:7;
    resolution:960x540;
    display-aspect-ratio:16v9;
  }
  p.title {
    font-size:20px;
    color-index:15;
    grayscale-color-index:171 167;
    text-align:center;
  }
.button
{
	width:240px;
	height:271px;
}
#buttons
{
	left:0px;
	top:0px;
	width:960px;
	height:540px;
}

]]></style>
	<script ><![CDATA[
	
function goback(){ browser.launchDocument("../video.xml", "cut");	}

		]]></script>
</head>
<body id="body">

<div id="basePane" style="top:0px;width:960px;height:540px;visibility:visible;">

	<div style="left:100px;top:18px;width:760px;height:20px;">
		<p id="txt_title" class="title" style="width:760px;height:20px;color-index:0;"><![CDATA[PinP Test]]></p>
	</div>
	<div style="top:0px;left:0px;width:960px;height:540px">

		<object id="vod" type="application/X-arib-contentPlayControl" data="http://hls.okimediaserver.com/pcs/resolvecontent?contents_path=/moviebox/oki/h264-hd-tts/world_out.mp4&protocol=http_tts" streamstatus="play" style="top:0px;left:0px;width:960px;height:540px;visibility:visible;" />
	</div>
</div>


<div style="top:100px;left:300px;width:460px;height:302px;background-color-index:1;">	
	<object id="vod" type="application/X-arib-contentPlayControl" data="http://hls.okimediaserver.com/pcs/resolvecontent?contents_path=/moviebox/hotel/sanjya_matsuri_480i_out.mp4&protocol=http_tts" streamstatus="play" style="top:10px;left:10px;width:360px;height:202px;visibility:visible;" />
	</div>
	

	<p style="top:470px;left:17px;height:36px;width:64px;background-color-index:4;" accesskey="B" onclick="goback();">Back </p>

</body>
</bml>
