<?xml version="1.0" encoding="EUC-JP" ?>
<?bml bml-version="100.0" ?>
<bml>
<head>
<title>EcoDaZoo</title>

<style><![CDATA[
	body{
		clut:url(default.clt);
		background-color-index:0;
	}
]]></style>
	<script ><![CDATA[
function goback(){ browser.launchDocument("index.xml", "cut");	}

		]]></script>
</head>
<body>

<div style="left:0px; top:0px;width:960px; height:540px">
<object type="image/jpeg" data="ecodazoo.JPG" style="width:958px; height:470px"/>
</div>



<p style="top:470px;left:17px;height:36px;width:64px;background-color-index:4;" accesskey="B" onclick="goback();">Back </p>

</body>
</bml>

